id;nom;catégorie;description;résumé;image;
1;Verres à Shooters Boules de Billard;Apéritifs;"Si vous voulez ajouter une touche originale et fun à  votre prochain apéro entre amis, ces verres à shooters boules de billard sont faits pour vous. Vous trouverez dans ce kit : un plateau de transport et de rangement et pas moins de 9 verres vous permettant d'offrir à vos invités un petit rafraîchissement. Chaque verre est figé dans sa boule numérotée et vous permettra de trinquer en couleur. Cheers !
 
Contient :
1 plateau pour transporter les verres, en plastique noir. Dimensions : 16 x 16 x 4 cm
9 verres boules de billard, en verre et plastique. Dimensions : 8 x 5 cm
 
Offrez en Connaisseur :
Voici un coffret qui sera idéal pour animer vos soirées et vos apéritifs. Chaque verre étant fixé sur une boule de billard, il aura ainsi un style original et inimitable. Tous vos amis voudront les découvrir et boire des shooters ou petits cocktails dans ceux-ci. Un cadeau parfait également pour tous les amateurs de billard et de snooker !
Attention, l'abus d'alcool est dangereux pour la santé, à consommer avec modération.";Découvrez ces 9 verres à shooters, figés dans des boules de billard, qui animeront tous vos apéritifs entre amis !;http://media1.cadeau-maestro.com/2738-16271-large_default/verres-a-shooters-boules-de-billard.jpg;
2;Shooters Morpion;Apéritifs;"Avec ce coffret de shooters morpion, vous pourrez animer vos apéritifs et soirées ! Vous trouverez en effet un plateau en verre quadrillé, pour représenter les 9 cases du jeu du morpion. En guise de pions, vous pourrez utiliser les verres à shooters et gare à celui qui perdra ! Un jeu à boire à découvrir d'urgence pour vous divertir et vous amuser. Ludique, ce jeu de shooters morpion vous permettra d'apprendre les stratégies du morpion afin de devenir le roi de la soirée.
Ce coffret est disponible en deux modèles : petit modèle (plateau de 13 cm x 13 cm) et grand modèle (plateau de 20 cm x 20 cm)
 
Contient :
1 plateau en verre. Dimensions petit modèle : 13 cm x 13 cm. Dimensions grand modèle : 20 cm x 20 cm.
9 verres, marqués de croix ou de ronds. Dimensions des petits verres : 3 cm x 2,5 cm
 
Offrez en Connaisseur :
Avec ce jeu, vous serez assuré de faire passer une bonne soirée à vos amis. Vous pourrez ainsi allier jeu et divertissement durant l'apéritif...
Attention, l'abus d'alcool est dangereux pour la santé, à consommer avec modération.";Avec ce plateau et ses neufs verres, surprenez vos amis avec les shooters morpion en alliant apéritif et jeu du morpion...;http://media3.cadeau-maestro.com/1368-5037-large_default/shooters-morpion.jpg;
3;Jeu de Roulette à Boire;Apéritifs;"Si vous adorez le casino et les jeux de hasard, ou si vous aimez simplement les bons moments de convivialité entre amis, adoptez ce jeu de roulette à boire sans attendre... Vous pourrez miser sur les numéros et les couleurs, et si ceux-ci sont désignés par la roulette, il ne vous restera qu'à boire votre apéritif. Vous pouvez ainsi varier les plaisirs en remplissant les petits verres de différents cocktails, avec ou sans alcool. Un jeu à partager de 2 à 8 joueurs !
 
Contient :
1 plateau de jeu, en plastique noir, avec roulette. Diamètre total du plateau : 29,5 cm
16 verres dont 8 de couleur noire et 8 de couleur rouge, portant chacun 2 ou 3 numéros. Dimensions : 4,5 cm x 3,5 cm
2 boules de couleur, en métal. Diamètre : 0,5 cm
1 règle du jeu
 
Offrez en Connaisseur :
Pour amuser les plus jeunes, vous pouvez aussi varier ce jeu en incorporant des jus de fruits et boissons non alcoolisées afin de recréer l'ambiance d'une vraie salle de jeu...
L'abus d'alcool est dangereux pour la santé, à consommer avec modération.";Un jeu de roulette pour s'amuser comme au casino... et gagner le droit de boire son verre... Faites vos jeux, rien ne va plus !;http://media2.cadeau-maestro.com/1419-5342-large_default/jeu-roulette-boire.jpg;
4;Tire-Bouchon Bouteille de Vin;Apéritifs;"Vous recherchez un petit accessoire à offrir à un amateur de vin et de bonne chair ? Voici le cadeau idéal : le tire-bouchon en forme de bouteille de vin. Petit et astucieux, il cache bien son jeu. Pour l'utiliser, c'est très simple, il vous suffira d'ôter la partie haute, qui dissimule un petit tire-bouchon. Vous pourrez alors déboucher toutes vos bonnes bouteilles ou que vous soyez avec cet objet design et original...

Contient :
1 tire-bouchon en forme de bouteille de vin.  Dimensions : 11,5 cm x 2,8 cm
 
Offrez en Connaisseur :
Voici un petit accessoire très malin et compact. Facile à ranger et à transporter, il pourra vous dépanner en de nombreuses circonstances et vous permettra de pouvoir trinquer, lors de vos pique-niques, repas de famille, apéritifs etc...";Avec ce tire-bouchon surprenant et très pratique, vous pourrez ouvrir vos bouteilles en un tour de main...;http://media1.cadeau-maestro.com/1837-7308-large_default/tire-bouchon-bouteille-de-vin.jpg;
5;Décapsuleur Joueur de Baby Foot;Apéritifs;"Si vous aimez partager des soirées match de foot entre amis, voici un petit accessoire qui vous permettra de passer un moment convivial, avec style. Ce décapsuleur étonnant reprend, en effet, le design d'une figurine joueur de baby foot. Disponible en plusieurs couleurs, il vous accompagnera dans toutes vos soirées pour encore plus de fun...
Cinq couleurs au choix : jaune, orange, bleu, blanc ou rouge
 
Contient :
1 décapsuleur joueur de baby-foot, en plastique et métal. Cinq couleurs de maillot au choix : orange, jaune, rouge, bleu ou blanc. Dimensions : 16 x 3,5 x 2 cm

Offrez en Connaisseur :
Voici un cadeau qui fera plaisir à tous ceux qui apprécient le sport mais également les objets originaux. Pratique et tendance, ce décapsuleur ne manque pas de personnalité. Nul doute qu'il sera très vite adopté pour tous vos apéritifs et soirées entre amis...";Un décapsuleur décalé et insolite, qui comblera tous les amateurs de baby foot, de football, mais surtout de soirées entre amis !;http://media3.cadeau-maestro.com/2278-10800-large_default/decapsuleur-joueur-de-baby-foot.jpg;
6;Mug Isotherme Objectif d'Appareil Photo;Thé et Café;"Ce mug isotherme objectif d'appareil photo vous permettra de vous déplacer en gardant toujours à proximité votre café, thé, chocolat ou soupe bien et chaud et à la main. Que vous soyez tranquillement chez vous, dans votre voiture, votre boisson restera bien chaude, grâce à sa paroi isotherme. Ce mug dispose d'une petite ouverture sur le dessus, très facile à ouvrir et à fermer, afin de pouvoir boire sans vous brûler... Avis aux photographes !
 
Contient :
1 grand mug isotherme objectif en plastique noir, pour y servir vos boissons préférées. Capacité : 350 ml. Intérieur paroi isotherme non hermétique. Dimensions : 14 x 8 cm. Ce mug ne passe pas au micro-ondes, ni au lave-vaisselle. 
 
Offrez en Connaisseur :
Ce mug est le cadeau idéal pour tous les fans d'objets originaux, qu'ils soient ou non photographes professionnels. Si vous aimez les accessoires fun, design et insolites, adoptez d'urgence cet accessoire et offrez-le à vos amis...";Le retour du célèbre mug appareil photo en version isotherme pour garder bien au chaud toutes vos boissons...;http://media2.cadeau-maestro.com/1375-19097-large_default/mug-isotherme-objectif-d-appareil-photo.jpg;
7;Tasse Expresso Humeur du Matin Boudeur;Thé et Café;"La tasse expresso humeur du matin Tassen transformera rapidement vos petits-déjeuners en moments de douceur et de poésie avec son visage très expressif, il suffit de regarder cette adorable moue boudeuse. Cette tasse en véritable porcelaine blanche passe au lave-vaisselle et au micro-ondes pour notre plus grand bonheur. Elle animera tous vos moments de détente autour d""un bon expresso...
 
Contient :
1 tasse expresso humeur du matin Boudeur, de la marque Tassen, en porcelaine blanche, avec anse. Visage en relief. Passe au lave-vaisselle et au micro-ondes. Fabriquée en Allemagne. Contenance : 100 ml. Dimensions : 8 x 5 cm
1 sous-tasse, de la marque Tassen, en porcelaine blanche. Passe au lave-vaisselle et au micro-ondes. Fabriquée en Allemagne. Dimensions : 12 x 1,5 cm
 
Offrez en Connaisseur :
Variez les plaisirs avec la gamme Tassen humeur du matin et découvrez également les bols humeur, pour des matinées pleines de bonne humeur et des réveils en fanfare ! POor ce qui estr de notre tasse expresso plutôt à la mine boudeuse, offrz-la à une collègue qui a un peu de mal à s'y mettre le matin... avec bien entendu une bonne dose de second degré...";Une tasse expresso humeur du matin boudeur qui vous laissera découvrir un visage très expressif, afin d'ajouter de l'originalité à toutes vos pauses café...;http://media2.cadeau-maestro.com/1151-24909-large_default/tasse-expresso-humeur-matin-boudeur.jpg;
8;Service à Thé Design;Thé et Café;"Voici un très élégant coffret à thé qui vous donnera envie de recevoir vos amis tous les jours pour partager avec eux une tasse de ce doux breuvage... Dans ce set sont présentés : une théière en porcelaine avec son couvercle, muni d'une boule à thé (amovible), ainsi que deux tasses, également en porcelaine. Ces trois éléments sont habillés d'un bandeau de silicone noire afin de vous assurer une bonne prise en main, sans risque de brûlure. Un cadeau parfait pour toutes ceux et celles qui apprécient de mêler design et saveurs... 
 
Contient :
1 théière en porcelaine blanche avec une bande de silicone noire. Contenance : 600 ml. Passe au lave-vaisselle. Dimensions : 19 x 11 x 12,5 cm. 
2 tasses en porcelaine blanche une bande de silicone noire. Contenance : 200 ml. Passe au lave-vaisselle. Dimensions : 9,8 x 6,7 cm
1 boule à thé en métal. Placée dans le couvercle de la théière. Dimensions : 5 x 4 cm
 
Offrez en Connaisseur :
Voici un set qui sera parfait à offrir à un amateur de thé. Il ou elle pourra ainsi prendre le temps de s'accorder une petite pause douceur, en savourant un thé parfumé bien chaud, pourquoi pas accompagné de petits biscuits. Le petit plus ? La boule à infuser est fournie avec dans ce coffret, il ne vous reste donc plus qu'à choisir votre thé !";Un set complet et design, comprenant une théière et deux tasses en porcelaine, qui vous permettra de savourer, à deux, un bon thé... ;http://media3.cadeau-maestro.com/2763-12560-large_default/service-a-the-design.jpg;
9;Coffret Bois à Thé Deluxe avec Accessoires;Thé et Café;"Voici un coffret qui réserve bien des surprises. Vous en avez assez de mettre en vrac vos sachets de thé ou d'infusion dans une boite lambda, alors vous allez aimer ce joli coffret en bois qui pourra recevoir jusqu'à huit compartiments distincts pour ranger vos sachets proprement. Mais avant d'assembler l'intérieur de cette boite à thé très luxueuse, vous pourrez y découvrir quatre accessoires cruciaux pour la dégustation de votre thé. Tout d'abord deux verres, qui possèdent une bague en silicone verte autour d'eux, comme ça lorsque vous prendrez le thé avec votre amie, vous ne vous brûlerez pas. Ensuite, un superbe infuseur en inox et silicone qui a la forme d'une feuille, il est accompagné de son petit socle, lui aussi en silicone vert qui évitera de tacher la nappe. Tout est fait ou presque, il vous reste à choisir le thé que vous allez déguster...
Coffret vide, sachets de thé non fournis.
 
Contient :
1 boite à thé, en bois de couleur noire. S'ouvre grâce à 2 charnières en métal. Petit verrou de fermeture en métal. Taille de chaque compartiment : 6 x 9,5 x 6,5 cm. Une fois l'emballage des verres et de l'infuseur enlevé, le montage des compartiments se fait grâce à 3 pièces de bois à assembler. Schéma de montage fourni. Dimensions boite fermée : 27,5 x 21,5 x 9,5 cm
1 infuseur à thé feuille, en inox et silicone de couleur pomme. Dimensions : 15 x 4 cm
1 support anti-goutte pour infuseur, en silicone de couleur pomme. Dimensions : 5 x 1 cm
2 verres à thé, avec bague en silicone de couelur pomme. Dimensions : 6,5 x 10,3 cm
 
Offrez en Connaisseur :
Ce coffret boite à thé deluxe avec tous ces accessoires est le cadeau parfait pour tous les amateurs de thé ou d""infusion. Complet, pratique et très élégant, il saura trouver très vite sa place dans leur décoration intérieure, le coffret étant en bois, aux lignes sobres et fortes, il pourra tout à fait se laisser sur une table basse ou sur une étagère.";Laissez-vous séduire par ce coffret bois à thé deluxe avec accessoires. A l'intérieur de ce coffret, deux verres, un infuseur à thé feuille et 8 compartiments pour ranger vos sachets de thé...;http://media3.cadeau-maestro.com/4317-24772-large_default/coffret-bois-the-deluxe-accessoires.jpg;
10;Infuseur à Thé Sucette;Thé et Café;"Attention, ne vous méprenez pas sur la nature de cette sucette, il ne s'agit pas d'une friandise sucrée, mais bien d'un infuseur à thé ! Vous pourrez déposer à l'intérieur de la boule rouge du thé en vrac ou en sachet, afin de le plonger ensuite directement dans une tasse remplie d'eau chaude. Il ne vous restera plus alors qu'à laisser le temps faire son travail et, en quelques minutes, vous pourrez savourer un bon thé...
 
Contient :
1 infuseur à thé sucette, en plastique alimentaire, rouge et blanc. Passe au micro-ondes et au lave-vaisselle. Dimensions : 13 x 4 cm
 
Offrez en Connaisseur :
Cette boule à thé pourra ainsi être déposée directement dans une tasse, afin de faire infuser la juste dose de thé, puis de tourner la sucette afin de bien répartir les saveurs des feuilles dans l'ensemble du mug. Un cadeau à la forme volontairement décalée qui plaira à tous ceux qui apprécient de partager un Tea Time, non sans humour...";Découvrez cette joli sucette rouge qui, bien qu'apétissante, ne pourra pas être mangée... mais vous permettra de faire infuser puis de déguster une bonne tasse de thé ! ;http://media2.cadeau-maestro.com/3085-16071-large_default/infuseur-a-the-sucette.jpg;
11;Coffret Saveurs 6 Epices Le Monde en Tube;Epicerie Fine;"Ouvrez votre cuisine et votre palais à des parfums inconnus grâce à ces coffrets saveurs contenant chacun 6 épices, présentées dans des tubes éprouvettes en verre. Vous pourrez ainsi toujours les garder près de vous, car ils sont livrés sur leur élégant support en bois. Que vous soyez tentés par l'Orient, par l'Inde, par les Iles ou encore par le plaisir de la viande grillée au barbecue, vous pourrez choisir parmi les quatre coffrets proposés. Amusez-vous ainsi à tester de nouveaux mélanges, à explorer des territoires gustatifs inconnus et ouvrez-vous au monde entier à chaque repas !
Quatre coffrets au choix : saveurs barbecue, saveurs des Iles, saveurs orientales et saveurs indiennes.
 
Contient :

1 support en bois. Dimensions : 23 x 11 x 4,5 cm
6 tubes éprouvettes d'épices Saveurs Orientales en verre, fermés pour des bouchons en liège et comprenant les épices : canelle, coriandre, cumin, menthe, piment oiseau et ras el hanout. Épices 100% naturelles. Contenance de chaque tube : 20g. Dimensions de chaque tube : 18,5 x 1,5 cm
1 feuillet avec des conseils et des recettes dont : brick à la viande, tajine d'agneau, etc... Offrez en connaisseur :
Découvrez les goûts et les saveurs d'autres pays et cultures en cuisinant leurs épices. Vous pourrez ainsi varier les parfums de vos légumes et aliments. Avec seulement quelques grammes de ces épices précieuses, vous pourrez offrir des plats relevés et revisités, qui vous feront voyager, depuis votre assiette...";Un assortiment de 6 épices présentées dans leurs tubes sur un élégant support en bois pour découvrir quatre saveurs au choix : barbecue, îles, indiennes ou orientales..;http://media1.cadeau-maestro.com/3041-15590-large_default/coffret-saveurs-6-epices-le-monde-en-tube.jpg;
12;Appareil Photo en Chocolat;Epicerie Fine;"Vous a-t-on déjà tiré le portrait en chocolat ? Avec cet appareil photo, parfaitement reproduit en chocolat, vous pourrez offrir un cadeau insolite et délicieux. Il contient de nombreux détails et parait tellement réaliste que vous pourriez hésiter à le manger. Mais nul doute que vous devrez le surveiller, les gourmands sont nombreux ! 
  
Contient :
1 appareil photo en chocolat. Enrobage : chocolat au lait. Poids net : 70 g. Peut contenir des traces de fruits à coque. Ingrédients : sucre, beurre de cacao, poudre de lait entier, masse de cacao, poudre de crème, émulsifiant : lécithine de soja, vanille naturelle. Dimensions de la boite : 13,5 x 12,5 x 2,5 cm. Dimensions approximatives de l'appareil photo : 11 x 6,5 cm.
 
Offrez en Connaisseur :
Si vous aimez le chocolat et les cadeaux originaux qui surprendront leur destinataire, découvrez notre collection complète, reproduisant différents objets du quotidien, à déguster sans modération. Ce modèle plaira bien évidemment aux amateurs de photo, qu'ils soient professionnels ou simples amateurs !";Une délicieuse reproduction, en chocolat noir, blanc et lait, d'un appareil photo... Pour tous les photographes et surtout pour les gourmands !;http://media1.cadeau-maestro.com/2606-11623-large_default/appareil-photo-en-chocolat.jpg;
13;Coffret Cuisine Moléculaire Deluxe;Epicerie Fine;"Ouvrez cette boite et découvrez l'art de la cuisine moléculaire. Ce coffret vous permet d'épater la galerie très facilement, grâce à des outils adaptés et les produits indispensables pour tester les techniques innovantes et  les processus de transformation des aliments.
Les  techniques sont les suivantes :
la gélification : elle permet de mettre en forme les saveurs : perles, raviolis ou spaghettis
la sphérification : pour enrober les saveurs dans des bulles inattendus, qui explosent en bouche
l'émulsification: elle donne du relief à vos plats grâce à de savoureuses mousses colorées
la pressurisation au siphon : elle ajoute une touche d'onctuosité à vos desserts, bouchées et accompagnements
la suspension : elle donne un effet de suspension aux saveurs
la mise en poudre : elle transforme les corps gras en de légères poudres de saveur
 
Contient :
1 coffret cuisine moléculaire deluxe. Dimensions 24,3 x 29,7 cm
 Pour la gélification :
1 boite d'Agar Agar : un gélifiant naturel issu d'algues rouges utilisé entre autres pour réaliser des perles solides, des spaghettis de gel et des confitures. Poids du pot de métal : 70,9 g
1 boite de Gélatine : gélatine soluble à froid ayant les mêmes propriétés gélifiantes et le même fondant en bouche que la gélatine traditionnelle. Poids du pot de métal : 70,9 g
1 boite de Gomme Gélan : gélifiant produit par fermentation utilisé pour produire des gels fermes qui permettent une découpe nette et qui résistent à la chaleur. Poids du pot de métal : 70,9 g
1 boite de Carraghénine Iota : gélifiant naturel issu d'algues rouges utilisé pour produire des gels d'une consistance moelleuse et élastique. Poids du pot de métal : 70,9 g
1 boite de Carraghénine Kappa : gélifiant naturel issu d'algues rouges utilisé pour produire des gels d'une consistance ferme et cassante. Poids du pot de métal : 70,9 g
 Pour la sphérification :
1 boite de Lactate de Calcium :  sel de calcium utilisé en combinaison avec l'alginate de sodium lors du procédé de sphérification. Poids du pot de métal : 70,9 g
1 boite  d'Alginate de Sodium :  gélifiant naturel issu d'algues brunes utilisé en combinaison avec un sel de calcium lors du procédé de sphérification. Poids du pot de métal : 70,9 g
Pour l'émulsification :
1 boite  de méthylcellulose :  émulsifiant naturel dérivé de la cellulose utilisé pour créer des mousses denses et former un gel à la chaleur qui fondra au refroidissement. Poids du pot de métal : 70,9 g
1 boite de Lécitine de Soja :  un émulsifiant naturel extrait de graines de soja utilisé entre autres pour transformer des préparations liquides en airs. Poids du pot de métal : 70,9 g
Pour d'autres transformations :
1 boite d'Azote liquide :  un constituant majoritaire de l'air utilisé sous sa forme liquide pour créer des glaces onctueuses et cuire par le froid. Poids du pot de métal : 70,9 g
1 boite de Maldodextrine  :  sucre peu sucré souvent utilisé comme support d'arômes . Poids du pot de métal : 70,9 g
1 boite de Gomme Xanthane :  épaississant naturel obtenu suite à la fermentation du glucose utilisé entre autres pour stabiliser des émulsions et épaissir des sauces et des boissons. Poids du pot de métal : 70,9 g
 Boîte de petits outils
5 pipettes en plastique transparent, 15,5 cm long
1 seringue alimentaire en plastique transparent  
3 tuyaux tubes en silicone transparent de 50 cm de long et 60 cm de diamètre 
1 plaque en silicone gris marquée de 12 empreintes dégustation multicavités de 2.7 cm chacune, mesurant 15 x 17 cm
1 cuillère perforée à 10 trous en métal, 15 cm long
1 cuillère à mesurer en métal de 15 ml, 14,5 cm long
 1 livre de présentation et de recettes
""La cuisine moléculaire par Molécule-R"": une introduction à la science
 
Offrez en Connaisseur :
C'est l'occasion d'ouvrir vos cuisines à une nouvelle ère riche en expériences multi-sensorielles. Ceci grâce à des techniques de transformation éprouvées, et connues pour être spectaculaires. Le livre présente cette science d'une façon illustrée et pédagogique";Avec ce coffret cuisine moléculaire Deluxe, vous aurez tout pour surprendre vos amis et réaliser des recettes spectaculaires. ;http://media2.cadeau-maestro.com/3630-20103-large_default/coffret-cuisine-moleculaire-deluxe.jpg;
14;Boîte 9 Épices Le Monde en Tube;Epicerie Fine;"Avec ces coffrets en bois contenant 9 épices, vous pourrez assaisonner, relever et déguster des plats inédits. Vous aurez ainsi le choix parmi trois coffrets, renfermant chacun des épices et des recettes différentes, qui vous feront voyager vers d'autres cultures et d'autres cuisines, pour encore plus de dépaysement. Le plus de ces sélections : les épices sont garanties 100% naturelles, elles ne reçoivent aucun traitement, ni ajout de colorant. De quoi se régaler en toute confiance !
 
Contient :

1 boîte en bois Modèle l'Essentiel teintée Wengé. Dimensions : 26,3 x 19,7 x 4,7 cm
9 sachets d'épices dont : coriandre, basilic, muscade, cannelle moulue, curry, thym, herbes de Provence, cumin grain, piment doux. Épices 100% naturelles. 
1 lexique avec des conseils et des recettes dont : travers de porc aux graines de cumin, crumble pomme noisettes, gaspacho etc... 
Offrez en connaisseur :
Voici de quoi ravir tous les cuisinier(e)s, amateur(e)s ou confirmé(e)s. Ils ou elles pourront ainsi s'amuser à tester de nouvelles saveurs afin de relever le goût de leurs plats. Dans ce coffret très complet, ils trouveront de quoi laisser libre cours à leur inspiration...";Découvrez ces belles boîtes contenant 9 épices naturelles, qui vous permettront de confectionner des recettes aux saveurs audacieuses..;http://media1.cadeau-maestro.com/1833-7283-large_default/boite-9-epices-le-monde-en-tube.jpg;
15;Coffret Mini-Tablettes Chocolat;Epicerie Fine;"Dans cette boite joliment rétro se cache un trésor de chocolat : pas moins de 18 mini-tablettes (chocolat au lait et noir) à dévorer sans attendre ! Vous pourrez ainsi savourer celles-ci durant une pause thé ou café, un goûter, une fin de repas ou même sans occasion particulière, juste pour le plaisir. Leur boite en métal, pratique et pleine de charme permettra de conserver les tablettes à l'abri, et de les cacher de tous ceux qui pourraient bien vous les chiper ! 
 
Contient :
1 boite de rangement en métal, avec ouverture sur le dessous ou sur le devant. Dimensions : 14,5 x 14,5 x 12,5 cm
9 mini-tablettes chocolat noir, emballées individuellement. Poids : 13,5 g. Ingrédients : masse de cacao, sucre, beurre de cacao, arôme naturelle de vanille, émulsifiant : lécithine de soja. Peut contenir des traces d'arachide, fruits à coque, gluten, œufs et lait. Dimensions : 3,5 x 6,5 x 0,5 cm
9 mini-tablettes chocolat au lait, emballées individuellement. Poids : 13,5 g. Ingrédients : sucre, beurre de cacao, lait entier en poudre, masse de cacao, arôme naturel de vanille, émulsifiant : lécithine de soja. Peut contenir des traces d'arachide, fruits à coque, gluten, œufs et lait. Dimensions : 3,5 x 6,5 x 0,5 cm
 
Offrez en Connaisseur :
Si vous aimez gâtez vos proches en leur offrant de quoi satisfaire leur appétit pour le bon chocolat, cette boite d'inspiration rétro sera le cadeau parfait. Et même une fois les chocolats dévorés, vous pourrez la conserver en tant que boite à gâteaux ou à bonbons !";Découvrez ce ravissant coffret mini-tablettes chocolat présentées dans leur boite en métal rétro à souhait et qui vous permettront de partager de délicieuses pauses gourmandes...;http://media2.cadeau-maestro.com/3485-18939-large_default/coffret-mini-tablettes-chocolat.jpg;
16;Lampe à Poser en Papier Modèle Branches;Maison;"Légère et délicate, cette lampe en papier, à poser, vous invitera à la sérénité. Ses motifs sont réalisés à la main, sur du papier 100% recyclé. Ils représentant des feuilles et branchages. Simple et gracieuse, cette lampe se branche sur secteur et vous offrira une lumière douce et chaude. Un cadeau parfait pour tous les amateurs d'objets bien conçus et bien pensés !  
 
Contient :
1 lampe motif Branches, en papier 100 % recyclé et fait à la main. Couleurs : noir et beige. Livrée avec ces trois pieds en métal et embouts de protection en silicone. Branchement sur secteur grâce à un cordon de longueur 2,40 mètres et son interrupteur. Fonctionne avec une ampoule E41 petite douille à incandescence 40 watts max. ou fluocompacte 10-14 watts max. (ampoule non fournie). Dimensions totales : 51 x 27 cm
1 notice de montage anglais/français
 
Offrez en Connaisseur :
Avec cette lampe à la douce lumière vous pourrez apporter un petit éclairage d'appoint à votre chambre ou votre salon. Son papier, fait à la main, et issu du recyclage favorise donc l'environnement. Pour chaque achat de lampe, l'entreprise Blue Q, qui se spécialise dans la production d'objets éco-conçus, reverse 1 % de son prix au ""Conservatoire de la Nature"", qui protège les écosystèmes.
En achetant ce bel objet de décoration, vous faites, vous aussi, un geste envers la nature... ";Une lampe en papier recyclé fait main, qui vous offrira un éclairage doux et chaleureux, et qui apportera un soupçon de zen attitude dans votre intérieur...;http://media1.cadeau-maestro.com/2528-11309-large_default/lampe-a-poser-en-papier-modele-branches.jpg;
17;Brosse Micro pour Toilettes;Maison;"Si vous aimez les accessoires fun, cette brosse micro pour toilettes est faite pour vous. Il s'agit d'une brosse pour toilettes noire, mais qui cache un micro à la place de son manche. Petit détail en plus, le bouton ON/OFF qui existe sur les vrais micros est ici reproduit, pour encore plus de réalisme. Un objet qui plaira donc à tous les mélomanes, musiciens et autres amateurs de karaoké ! Si vous ne pouvez-vous empêcher d'écouter de la musique tout au long de la journée alors cette brosse micro pour WC est pour vous.
Deux couleurs au choix : noir ou blanc
 
Contient :
1 brosse micro pour toillettes (factice), en plastique. Deux couleurs au choix : noir ou blanc. Dimensions : 45 cm x 12 cm
 
Offrez en Connaisseur :
Voici un cadeau iconoclaste et décalé qui plaira à tous les amoureux de chanson. Ils pourront ainsi ajouter un élément de déco qui correspond à leur passion. Ils n'auront ainsi plus honte de pousser la chansonnette dans les toilettes.";Avec cette brosse micro pour toilettes, vous pourrez mettre de l'ambiance dans vos wc..;http://media3.cadeau-maestro.com/1805-10386-large_default/brosse-micro-pour-toilettes.jpg;
18;Coussin Traversin The Fruits;Maison;"Les coussins traversins de la marque The Fruits sont une collection de quatre petits traversins différents reprenant les couleurs fraîches et vives de fruits : le kiwi, l'orange, le citron et la pastèque. Chaque coussin/raversin The Fruits allongé est composé d'une housse très douce de 50 cm de long avec fermeture éclair et d'un coussin interne. Une face du coussin est lisse avec le motif d'une tranche de fruit.
 
Contient :
1 housse allongée 50 cm motif de fruit au choix parmi citron, pastèque, orange et kiwi. Face lisse avec motif de la tranche du fruit choisi. Fermeture éclair. Lavage à sec.
1 coussin moelleux largeur 13 cm
1 housse de protection The Fruit protégeant le coussin et permettant de le transporter
 
Offrez en Connaisseur :
Cette collection de traversins est fraîche et moderne. Ils sont parfaits sur le canapé, pour se relaxer et donner une touche de couleur à votre intérieur !";Une collection de quatre coussins traversins The Fruits allongés au design de fruit très colorés et très doux, avec housse interchangeable;http://media1.cadeau-maestro.com/438-4476-large_default/coussin-traversin-the-fruits.jpg;
19;Horloge Vinyle;Maison;"Cette horloge vinyle fera le bonheur de tous les amateurs d'objets rétro. Elle fonctionne grâce à une pile LR06 (non fournie). Au centre de l'horloge, vous trouverez une illustration en couleurs, différente sur chaque modèle. Son look très déco, avec ses aiguilles blanches, fera sensation sur votre mur ! Vous apporterez une touche de retro à votre intérieur et revivrez les années folles des années vinyles.
 
Chaque illustration, au centre de l'horloge, est unique. Le modèle vous sera envoyé de façon aléatoire. Vous aurez ainsi une surprise en ouvrant votre colis et l'assurance d'avoir une horloge unique.
 
 Contient :
1 horloge vinyle, noire et couleurs, fonctionnant grâce à une pile LR06 (non fournie). Différents coloris disponibles, envoyés de manière aléatoire. Cadran noir et aiguilles blanches. Encoche pour accrocher au mur. Diamètre 30 cm.
 
Offrez en Connaisseur :
Pour tous les fans de vinyles et de tourne-disques, voici un cadeau vintage et utile qui s'intégrera avec facilité dans une déco rétro et colorée...";Une horloge vinyle qui créera une atmosphère très déco et rétro dans votre intérieur. Avis aux amateurs de beaux objets vintage ! ;http://media3.cadeau-maestro.com/1181-4294-large_default/horloge-vinyle.jpg;
20;Oreiller Musical MP3;Maison;"Avec l'oreiller musical MP3, dormir devient beaucoup plus amusant et sans avoir besoin de casque ! Cet oreiller dispose d'un haut-parleur intégré à l'intérieur du coussin, que l'on ne sent pas au toucher et ne gênant donc pas pour dormir. C'est idéal pour entendre de la musique en s'endormant sans que votre partenaire ou vos voisins ne l'entendent. Il est également utilisé par les insomniaques et les acouphènes pour les aider à s'endormir. 
L'oreiller musical MP3 possède également d'autres vertus, comme l'écoute de livres audio, l'apprentissage d'une langue étrangère, ou la relaxation. Il est également idéal à emporter lors de longs trajets dans la voiture, en train ou en avion de sorte que les autres passagers ne soient pas dérangés. Il nécessite seulement une source de musique, tel que votre lecteur MP3 ou une radio, à brancher dans la fiche stéréo Jack 3,5 mm pour connecter l'oreiller. L'oreiller MP3 n'émet aucun son jusqu'à ce qu'il soit connecté à votre appareil. Il est de taille standard rectangulaire 63 x 39 cm. Vous n'avez plus qu'à mettre le son dans votre oreille musical MP3 et vous laissez bercer afin de passer une bonne nuit.
 
Contient :
1 Oreiller Musical très confortable, fourni avec un câble jack compatible avec n'importe quel lecteur de musique avec une prise casque. Fonctionne sans piles. Extérieur 100% coton. Garnissage en fibres de polyester. Ne passe pas en machine. Longueur du câble : 75 cm. Taille : 63 x 39 cm.

Offrez en Connaisseur :
Avez-vous déjà essayé de dormir avec un casque sur la tête ? Impossible : il tombe constamment dès que vous tournez la tête, et la sensation du casque empêche souvent de dormir. C'est encore pire avec des écouteurs, qui endommagent les oreilles lorsque l'on tourne la tête. Ce coussin musical a tout pour lui, et permettra autant d'écouter de la musique pour s'endormir que d'apprendre en passant des pistes audio type langues étrangères ou révision pour un examen.
Branché sur votre téléphone, il vous permettra également de vous évader des bras de Morphée, dès le matin, avec une sonnerie ou une musique de votre choix, qui sera ainsi doucement diffusée dans l'oreiller, vous offrant ainsi un réveil calme et serein...
Ce coussin se lave à la main délicatement, et se sèche à l'air libre. Non recommandé pour les enfants de moins de 5 ans.";L'oreiller musical MP3 vous permet d'écouter en dormant de la musique sans déranger autour de vous, et surtout sans avoir d'écouteurs coincés dans les oreilles... ;http://media2.cadeau-maestro.com/373-1103-large_default/oreiller-musical-mp3.jpg;
21;Horloge Clap de Cinéma Hub USB;Cinéma;"Adoptez cette horloge Hub USB 4 ports représentant un clap de cinéma et faites souffler un vent de design dans votre intérieur... Pratique et utile, il vous permettra de lire la date et l'heure, mais également la température. Vous pourrez également vous réveiller grâce à lui, et profiter du clap pour éclairer son écran dans le noir. Fonctionnant sur piles (fournies), vous pourrez le poser sur son socle offrant 4 prises USB pour brancher tous vos appareils équipés. Si vous aimez joindre design et high-tech, ce réveil est fait pour vous !
 
Contient :
1 alarme clap de cinéma noir, avec affichage de la date, de l'heure et de la température. Fonction rétro éclairage de l'écran et répétition du réveil grâce au clap. Fonctionnant grâce à 3 piles AG13 (LR44) fournies. Dimensions : 11,3 x 9,8  x 1 cm
1 Hub USB 4 ports 2.0 avec cable USB
1 notice en anglais
 
Offrez en Connaisseur :
Que vous soyez ou non cinéaste ""éclairé"", ce réveil pratique et fonctionnel vous permettra de lire l'heure à tout moment grâce à son écran rétro-éclairé. Il vous suffira de claper et la lumière apparaitra !";Une horloge de bureau très maline, vous permettant de voir l'heure, la date ainsi que la température, combiné à un hub USB, le tout sous la forme d'un clap de cinéma !;http://media1.cadeau-maestro.com/1449-5531-large_default/horloge-clap-de-cinema-hub-usb.jpg;
22;Machine à pop corn;Cinéma;"Avec cette machine à pop-corn, vous pourrez préparer de délicieux grains de maïs soufflés, à savourer chez vous. Très simple à utiliser, il suffit de la remplir de grains de maïs secs, crus et frais puis de les laisser chauffer dans la machine. Pas besoin d'huile, les grains de maïs seront cuits à l'air chaud. Vous pourrez alors placer un récipient sous le bac de versement afin de réceptionner le pop-corn. Il ne vous reste qu'à savourer ce pop corn avec du sel ou du sucre, au choix. De quoi régaler toute la famille, petits et grands inclus...
A partir de 14 ans.

Contient :
1 machine à pop-corn chariot, en plastique, rouge, blanche et noire. Avec une petite coupelle pour doser le mais. Un bouton ON/OFF. Dimensions : 40 x 14,5 cm 
1 câble d'alimentation secteur 220 V, norme européenne.
1 notice d'utilisation, en anglais

Offrez en connaisseur :
Organisez vos propres soirées cinéma à la maison et conviez famille, proches et amis afin de vous régaler devant un bon film, avec du pop-corn fait maison. Une façon originale de resserrer les liens et de passer un bon moment...";Un véritable machine très déco pour fabriquer votre propre popcorn, et le savourer à l'apéritif ou au dessert, en famille ou devant un bon film..;http://media3.cadeau-maestro.com/1483-20694-large_default/machine-a-pop-corn.jpg;
23;Trousse Clap de Cinéma;Cinéma;"Crayons à papier, stylo billes et encre, feutres, surligneurs, colle, cette trousse pourra tout transporter. Ce bel accessoire de bureau permettra, en effet, de ranger tout ce qui est utile à l'élève, au collégien, lycéen ou étudiant, avec un style vraiment très cool. Nul besoin d'être cinéphile averti pour avoir le droit d'utiliser cette trousse. Il vous suffira d'aimer les objets originaux et à forte personnalité, que vous ne verrez pas chez tout le monde ! 
 
Contient :
1 trousse clap de cinéma, noire et blanche. Intérieur : 100% polyester et extérieur : 100% coton. Fermeture par zip. Dimensions : 10 x 20 x 0,5 cm

Offrez en Connaisseur :
Voici un cadeau idéal pour un ado ou pour un étudiant. Il ou elle pourra ainsi glisser tous ses stylos, règle, correcteur et autres petits accessoires dans cette trousse vraiment très fun ! Cette pochette sera également parfaite pour transporter votre maquillage, car sa doublure intérieure en polyester est résistante et se nettoie facilement avec un coup d'éponge... ";Cette jolie trousse clap de cinéma ravira tous les cinéphiles et leur permettra de ranger leurs stylos, crayons et autres petits objets de bureau..;http://media1.cadeau-maestro.com/3925-22076-large_default/trousse-clap-de-cinema.jpg;
24;Paillasson Ticket de Cinéma;Cinéma;"Le paillasson ticket de cinéma imite à la perfection un ticket de cinéma à l'ancienne, en grand format (74cm de long). Un cadeau original aux cinéphiles en tout genre.
 
Contient :
1 paillasson ticket de cinéma 74 cm caoutchouc
 
Offrez en Connaisseur :
Saviez-vous qu'avec plus de 5 300 écrans de cinéma, la France dispose tout de même du quatrième parc mondial derrière la Chine, les États-Unis et l'Inde ?";Ce paillasson en forme de vieux ticket de cinéma est un grand paillasson très réussi et surtout très ressemblant.;http://media1.cadeau-maestro.com/380-1134-large_default/paillasson-ticket-de-cinema.jpg;
25;Bloc-notes Tickets de Cinéma;Cinéma;"N'oubliez plus de noter toutes les petites choses du quotidien, grâce à ces petits tickets autocollants. D'inspiration rétro, ils reproduisent le design des tickets américains des années 50 qui étaient utilisés pour aller au cinéma, au cirque et au spectacle. Disponibles en quatre modèles, comprenant chacun deux couleurs, ils vous séduiront par leur aspect pratique. A utiliser sans attendre pour noter les petits détails importants, ou tout simplement en déco...

Contient :
2 bloc-notes autocollants en forme de ticket, en papier. 20 feuilles sur chaque bloc. Quatre modèles au choix : fushia/vert, bleu/blanc, rose clair/vert et rouge/orange. Différentes inscriptions sur les tickets : ""ticket"", ""keep this coupon"" ou encore ""admit one"". Dimensions de chaque ticket : 6 cm x 2,9 cm
 
Offrez en Connaisseur :
Voici un cadeau qui plaira à tous les amateurs de cinéma. Ils pourront ainsi se replonger avec plaisir au temps des anciennes salles obscures. Du temps où le cinéma fonctionnait avec des projectionnistes, des ouvreuses et ou les films étaient en noir et blanc. Un cadeau parfait et pratique pour leur bureau !";Avec ces tickets de cinéma délicieusement rétro et colorés, ajoutez du fun sur tous vos petits mots...;http://media1.cadeau-maestro.com/1848-14613-large_default/bloc-notes-tickets-de-cinema.jpg;
26;Porte-Clés Casque Audio;Musique;"Le porte-clés Casque Audio DKring est adapté aux jeunes fans de musique, filles ou garçons l'apprécieront.
 
Contient :
1 porte-clés Casque Audio DKring noir, vert ou rose en métal.
 
Offrez en Connaisseur :
Le porte-clés Casque Audio est un petit cadeau insolite et original n'hésitez pas à l'offrir aux jeunes, il ne pourra que leur plaire.";Le porte clés DKring Casque Audio avec 3 couleurs au choix, pour le plus branché de tous les porte-clefs !;http://media3.cadeau-maestro.com/686-2305-large_default/porte-cles-casque-audio.jpg;
27;Coussins Rock;Musique;"Découvrez ces coussins très rock'n roll qui ajouteront de la couleur et un vrai parti pris déco à votre intérieur. Vous trouverez ainsi deux petits coussins en forme de guitare et un troisième en forme de micro, afin de vous entraîner à chanter et à danser sur scène comme le leader d'un vrai groupe de rock. Conçus pour les parents comme pour les enfants, ils deviendront très vite des accessoires cultes de votre maison !
 
Contient :
1 kit de coussins Rock Pillow Band, en coton et polyester. Lavage à la main max. 30°C. Ne pas passer au sèche-linge. Comprenant :
1 guitare électrique rouge. Dimensions : 47 cm x 17 cm
1 guitare électrique jaune. Dimensions : 47 cm x 16 cm
1 micro. Dimensions : 18 cm x 5 cm

Offrez en Connaisseur :
Voici des coussins, qui plairont à tous les amateurs de guitare et de rock, mais aussi à tous ceux qui apprécient d'avoir une déco unique et originale. Ils pourront ainsi joindre l'utile à l'agréable avec ces petits coussins qui rappelleront leur passion...";Avis à tous les rockeurs, grands et petits, voici des coussin guitares et micro, qui ajouteront du fun dans votre salon ou votre chambre...;http://media2.cadeau-maestro.com/2249-10130-large_default/coussins-rock.jpg;
28;Boite de bruitages;Musique;"Cette boite de bruitages ravira tous les amateurs d'objets drôles et insolites. Il s'agit, en effet, d'une vraie ""sound machine"" dont les 16 bruitages sont identifiables grâce à de petites icones. Vous pourrez ainsi animer vos déjeuners et vos soirées, au bureau, entre amis, en famille et ajouter une pincée de fun et d'humour à vos phrases ou à celles de vos invités... Une petite boite pleine de bonne humeur à emmener partout avec soi !
 
Contient :
1 boite à sons, en plastique de couleur rouge. Modèle original. 16 touches correspondantes à 16 bruitages. Fonctionne grâce à 3 piles boutons LR44 (incluses). Dimensions : 10 cm x 6 cm. 
Offrez en Connaisseur :
Vous pourrez ainsi trouver parmi ces bruitages : mauvaise réponse, éclats de rire, applaudissements, tir au pistolet, bris de glace, caisse enregistreuse, roulement de tambour, ressort, bonne idée, sifflement, cri, rot, pet, etc...Vous pouvez nous croire sur parole, chez Cadeau Maestro, nous l'avons essayé et nous l'avons adoré ! Elle a d'ailleurs reçu le prix du ""Gift of the year 2009"" au Royaume-Uni !";Une boite à sons avec plus de 16 sons pré-enregistrés, de l'éclat de rire au roulement de tambour et du cri strident à l'applaudissement...;http://media3.cadeau-maestro.com/1284-4689-large_default/boite-a-sons.jpg;
29;Nanoblock Grand Piano;Musique;"Ce grand piano à queue miniature de la marque japonaise Nanoblock est composé de près de 150 petites briques encastrables de différentes couleurs. A vous de suivre les instructions et de monter ce bel instrument qui pourra pourquoi pas être posé sur un véritable piano à queue.
 
Contient :
1 sachet de Nanoblock pour réaliser un piano à queue, en résine. Instructions de montage dans chaque sachet. Contient environ 150 pièces. A partir de 12 ans. Difficulté: 2/5. Dimensions variables des briques : de 3 à 7 mm de largeur et de 4 à 10 mm de longueur.
 
Offrez en connaisseur :
Voilà l'idée de cadeau idéale pour un(e) pianiste qui a gardé une âme d'enfant. Et si vous souhaitez offrir un vrai piano, voilà une farce toute trouvée : offrir ce mini piano d'abord dans l'emballage du vrai, et offrir le vrai seulement après !";Construisez un piano à queue noir miniature avec près de 150 mini-briques japonaises de la marque Nanoblock, pour les amateurs de petits casse-têtes;http://media2.cadeau-maestro.com/2566-11460-large_default/nanoblock-grand-piano.jpg;
30;Recharge Papier Boîte à Musique A Faire Soi-Même;Musique;"Si vous connaissez déjà la boîte à musique à faire soi-même, qui vous permet de composer vos mélodies, en poinçonnant des partitions, vous serez heureux de découvrir ces recharges qui vous offriront 5 bandes vierges. A vous le plaisir d'imaginer de nouvelles musiques !
 
Contient :
5 feuilles de recharge à utiliser avec la boîte à musique à faire soi-même. En papier. Dimensions : 48 cm x 4,1 cm
 
Offrez en Connaisseur :
Créer, imaginez, lancez-vous et faites confiance à votre originalité. Vous ne risquez rien à tenter de nouveaux accords...";Une recharge de 5 feuilles à utiliser avec la boîte à musique à faire soi-même, pour tous les musiciens et mélomanes...;http://media2.cadeau-maestro.com/2060-8425-large_default/recharge-papier-boite-a-musique-a-faire-soi-meme.jpg;
;;;;;;
;;;;;;
;;;;;;
;;;;;;
;;;;;;
;;;;;;
;;;;;;
;;;;;;
;;;;;;
;;;;;;
;;;;;;
;;;;;;
;;;;;;
;;;;;;
;;;;;;
;;;;;;
;;;;;;
;;;;;;
;;;;;;
